Predictor variable,Categorical,Sample average
BIO1,false,4.66592401878039
BIO12,false,462.41333333333336
BIO15,false,53.94786738840739
BIO4,false,1103.8273670247395
Elevation,false,699.5546666666667
